{
  "metadata": {
    "filename": "log_1769491287456.json",
    "export_time": "2026. 1. 27. 오후 3:15:04",
    "admin_session": true
  },
  "database": [
    {
      "id": 1,
      "name": "네온 시티: 리볼트",
      "shortDesc": "2077 사이버펑크 디스토피아",
      "description": "하드코어 사이버펑크 RP.",
      "image": "https://images.unsplash.com/photo-1605810230434-7631ac76ec81?q=80&w=2070&auto=format&fit=crop",
      "type": "recommended",
      "registeredAt": "2025-12-01",
      "link": "#",
      "admin_name": "GlowMaster",
      "email": "admin@glowbox.com",
      "status": "approved"
    },
    {
      "id": 2,
      "name": "아르카나 전기",
      "shortDesc": "정통 판타지 RP",
      "description": "아르카나 대륙의 평화.",
      "image": "https://images.unsplash.com/photo-1518709268805-4e9042af9f23?q=80&w=1968&auto=format&fit=crop",
      "type": "recommended",
      "registeredAt": "2025-11-20",
      "link": "#",
      "admin_name": "FantasyLord",
      "email": "fantasy@glowbox.com",
      "status": "approved"
    },
    {
      "id": 3,
      "name": "대기 중인 새로운 도시",
      "shortDesc": "검토가 필요한 신청건입니다",
      "description": "설명 블라블라",
      "image": "https://images.unsplash.com/photo-1449824913935-59a10b8d2000?q=80&w=2070&auto=format&fit=crop",
      "type": "standard",
      "registeredAt": "2026-01-27",
      "link": "#",
      "admin_name": "NewUser",
      "email": "new@mail.com",
      "status": "approved"
    }
  ]
}